primeiro_nome,ultimo_nome,email
Melissa,Aragão,Melissa.Aragão@hotmail.com
Nicole,Moraes,Nicole.Moraes@hotmail.com
Thiago,Vieira,Thiago.Vieira@hotmail.com
Joana,das Neves,Joana.das.Neves@hotmail.com
Cauã,Mendes,Cauã.Mendes@hotmail.com
Pedro,Peixoto,Pedro.Peixoto@hotmail.com
Marina,Azevedo,Marina.Azevedo@hotmail.com
Maria Cecília,Farias,Maria.Cecília.Farias@hotmail.com
Danilo,da Paz,Danilo.da.Paz@hotmail.com
Mirella,Moura,Mirella.Moura@hotmail.com
João Felipe,Caldeira,João.Felipe.Caldeira@hotmail.com
Stella,Duarte,Stella.Duarte@hotmail.com
Raul,da Cunha,Raul.da.Cunha@hotmail.com
Julia,Santos,Julia.Santos@hotmail.com
Samuel,Costa,Samuel.Costa@hotmail.com
Lara,Correia,Lara.Correia@hotmail.com
Nathan,da Cunha,Nathan.da.Cunha@hotmail.com
Esther,Novaes,Esther.Novaes@hotmail.com
Bruno,da Luz,Bruno.da.Luz@hotmail.com
Leonardo,Costela,Leonardo.Costela@hotmail.com
Maitê,Melo,Maitê.Melo@hotmail.com
João Guilherme,Gonçalves,João.Guilherme.Gonçalves@hotmail.com
Miguel,Fogaça,Miguel.Fogaça@hotmail.com
Sofia,da Rocha,Sofia.da.Rocha@hotmail.com
Alexia,Carvalho,Alexia.Carvalho@hotmail.com
Vitor Hugo,Nogueira,Vitor.Hugo.Nogueira@hotmail.com
Rafaela,Ramos,Rafaela.Ramos@hotmail.com
Lorena,Viana,Lorena.Viana@hotmail.com
Giovanna,Oliveira,Giovanna.Oliveira@hotmail.com
Pedro Lucas,Porto,Pedro.Lucas.Porto@hotmail.com
Raquel,Cardoso,Raquel.Cardoso@hotmail.com
Joaquim,da Mata,Joaquim.da.Mata@hotmail.com
Thomas,Alves,Thomas.Alves@hotmail.com
Kaique,das Neves,Kaique.das.Neves@hotmail.com
Isabella,da Luz,Isabella.da.Luz@hotmail.com
Paulo,Barros,Paulo.Barros@hotmail.com
Bárbara,Barros,Bárbara.Barros@hotmail.com
Vicente,das Neves,Vicente.das.Neves@hotmail.com
Diogo,Correia,Diogo.Correia@hotmail.com
Ana Júlia,da Cruz,Ana.Júlia.da.Cruz@hotmail.com
Heloísa,Dias,Heloísa.Dias@hotmail.com
Breno,Nascimento,Breno.Nascimento@hotmail.com
Augusto,Cunha,Augusto.Cunha@hotmail.com
Juliana,Novaes,Juliana.Novaes@hotmail.com
Ana Clara,da Mota,Ana.Clara.da.Mota@hotmail.com
Marcelo,Ribeiro,Marcelo.Ribeiro@hotmail.com
Eduardo,Farias,Eduardo.Farias@hotmail.com
Vitor Gabriel,Nunes,Vitor.Gabriel.Nunes@hotmail.com
Luiz Otávio,da Conceição,Luiz.Otávio.da.Conceição@hotmail.com
Amanda,da Mota,Amanda.da.Mota@hotmail.com
Ana Laura,da Cunha,Ana.Laura.da.Cunha@hotmail.com
Luiz Gustavo,Rocha,Luiz.Gustavo.Rocha@hotmail.com
Cecília,Santos,Cecília.Santos@hotmail.com
Noah,da Mota,Noah.da.Mota@hotmail.com
Carolina,da Rosa,Carolina.da.Rosa@hotmail.com
Agatha,Aragão,Agatha.Aragão@hotmail.com
Davi Lucas,Ramos,Davi.Lucas.Ramos@hotmail.com
Isabel,da Mata,Isabel.da.Mata@hotmail.com
Lucca,Araújo,Lucca.Araújo@hotmail.com
Lorenzo,Peixoto,Lorenzo.Peixoto@hotmail.com
Bernardo,Moreira,Bernardo.Moreira@hotmail.com
Nina,Cunha,Nina.Cunha@hotmail.com
Kamilly,da Conceição,Kamilly.da.Conceição@hotmail.com
Maria Eduarda,da Rosa,Maria.Eduarda.da.Rosa@hotmail.com
Luigi,Mendes,Luigi.Mendes@hotmail.com
Davi Lucca,Nogueira,Davi.Lucca.Nogueira@hotmail.com
Pietra,Araújo,Pietra.Araújo@hotmail.com
Antônio,Barros,Antônio.Barros@hotmail.com
João Gabriel,Melo,João.Gabriel.Melo@hotmail.com
Lavínia,Fogaça,Lavínia.Fogaça@hotmail.com
Diego,Azevedo,Diego.Azevedo@hotmail.com
Lucas,Barros,Lucas.Barros@hotmail.com
Maria Alice,Barbosa,Maria.Alice.Barbosa@hotmail.com
Ana Sophia,Fernandes,Ana.Sophia.Fernandes@hotmail.com
Alana,da Rocha,Alana.da.Rocha@hotmail.com
Rafael,Novaes,Rafael.Novaes@hotmail.com
André,Moura,André.Moura@hotmail.com
Felipe,Campos,Felipe.Campos@hotmail.com
Ana Lívia,Cavalcanti,Ana.Lívia.Cavalcanti@hotmail.com
Sabrina,Fogaça,Sabrina.Fogaça@hotmail.com
Sarah,Alves,Sarah.Alves@hotmail.com
Enzo Gabriel,Martins,Enzo.Gabriel.Martins@hotmail.com
Luiza,Monteiro,Luiza.Monteiro@hotmail.com
Pedro Henrique,Sales,Pedro.Henrique.Sales@hotmail.com
Maria,Moura,Maria.Moura@hotmail.com
Alícia,Pinto,Alícia.Pinto@hotmail.com
Ian,Pereira,Ian.Pereira@hotmail.com
Francisco,Barbosa,Francisco.Barbosa@hotmail.com
Erick,Monteiro,Erick.Monteiro@hotmail.com
Eduarda,Cunha,Eduarda.Cunha@hotmail.com
Ana,Souza,Ana.Souza@hotmail.com
Luiz Felipe,Pereira,Luiz.Felipe.Pereira@hotmail.com
Isis,Melo,Isis.Melo@hotmail.com
Yasmin,Nascimento,Yasmin.Nascimento@hotmail.com
Beatriz,Peixoto,Beatriz.Peixoto@hotmail.com
Yago,Melo,Yago.Melo@hotmail.com
Júlia,Ribeiro,Júlia.Ribeiro@hotmail.com
Enrico,Oliveira,Enrico.Oliveira@hotmail.com
Vitória,Nascimento,Vitória.Nascimento@hotmail.com
Manuela,Azevedo,Manuela.Azevedo@hotmail.com